{
  "test/integration/opaTests.qunit.html": 1724851956695,
  "xs-app.json": 1724855877346,
  "test/integration/pages/RisksList.js": 1724851956699,
  "test/integration/opaTests.qunit.js": 1724851956695,
  "test/integration/FirstJourney.js": 1724851956699,
  "test/testsuite.qunit.js": 1724851956695,
  "test/integration/pages/RisksObjectPage.js": 1724851956699,
  "manifest.json": 1724853710597,
  "Component.js": 1724851956687,
  "test/testsuite.qunit-dbg.js": 1724851956695,
  "test/testsuite.qunit.js.map": 1724855888584,
  "test/integration/opaTests.qunit-dbg.js": 1724851956695,
  "test/integration/opaTests.qunit.js.map": 1724855888581,
  "test/integration/FirstJourney-dbg.js": 1724851956699,
  "test/integration/FirstJourney.js.map": 1724855888593,
  "test/integration/pages/RisksList-dbg.js": 1724851956699,
  "test/integration/pages/RisksList.js.map": 1724855888592,
  "test/integration/pages/RisksObjectPage-dbg.js": 1724851956699,
  "test/integration/pages/RisksObjectPage.js.map": 1724855888583,
  "Component-dbg.js": 1724851956687,
  "Component.js.map": 1724855888585,
  "Component-preload.js": 1724855888666,
  "Component-preload.js.map": 1724855888666,
  "i18n/i18n.properties": 1724851979515,
  "test/testsuite.qunit.html": 1724851956691,
  "test/flpSandbox.html": 1724851956691,
  "index.html": 1724851956687
}