{
  "index.html": 1724851956687,
  "xs-app.json": 1724853724001,
  "test/integration/pages/RisksList.js": 1724851956699,
  "test/integration/opaTests.qunit.js": 1724851956695,
  "test/integration/FirstJourney.js": 1724851956699,
  "test/testsuite.qunit.js": 1724851956695,
  "test/integration/pages/RisksObjectPage.js": 1724851956699,
  "manifest.json": 1724853710597,
  "Component.js": 1724851956687,
  "test/integration/FirstJourney-dbg.js": 1724851956699,
  "test/integration/FirstJourney.js.map": 1724853745308,
  "test/integration/opaTests.qunit-dbg.js": 1724851956695,
  "test/integration/opaTests.qunit.js.map": 1724853745309,
  "test/integration/pages/RisksList-dbg.js": 1724851956699,
  "test/integration/pages/RisksList.js.map": 1724853745311,
  "test/testsuite.qunit-dbg.js": 1724851956695,
  "test/testsuite.qunit.js.map": 1724853745309,
  "test/integration/pages/RisksObjectPage-dbg.js": 1724851956699,
  "test/integration/pages/RisksObjectPage.js.map": 1724853745311,
  "Component-dbg.js": 1724851956687,
  "Component.js.map": 1724853745311,
  "Component-preload.js": 1724853745396,
  "Component-preload.js.map": 1724853745396,
  "test/integration/opaTests.qunit.html": 1724851956695,
  "test/testsuite.qunit.html": 1724851956691,
  "test/flpSandbox.html": 1724851956691,
  "i18n/i18n.properties": 1724851979515
}